20160331,31-03-2016,31,03,2016,14.539,14.889
20160401,01-04-2016,01,04,2016,14.642,14.997
20160404,04-04-2016,04,04,2016,14.679,15.039
20160405,05-04-2016,05,04,2016,14.557,14.915
20160406,06-04-2016,06,04,2016,14.568,14.927
20160407,07-04-2016,07,04,2016,14.41,14.765
20160408,08-04-2016,08,04,2016,14.344,14.694
20160411,11-04-2016,11,04,2016,14.393,14.74
20160412,12-04-2016,12,04,2016,14.388,14.74
20160413,13-04-2016,13,04,2016,14.279,14.633
20160414,14-04-2016,14,04,2016,14.261,14.615
20160415,15-04-2016,15,04,2016,14.123,14.478
20160418,18-04-2016,18,04,2016,14.027,14.382
20160419,19-04-2016,19,04,2016,14.073,14.427
20160420,20-04-2016,20,04,2016,14.177,14.535
20160421,21-04-2016,21,04,2016,14.315,14.661
20160422,22-04-2016,22,04,2016,14.269,14.619
20160425,25-04-2016,25,04,2016,14.239,14.592
20160426,26-04-2016,26,04,2016,14.211,14.566
20160427,27-04-2016,27,04,2016,14.117,14.471
20160428,28-04-2016,28,04,2016,14.139,14.491
20160429,29-04-2016,29,04,2016,14.158,14.51
20160502,02-05-2016,02,05,2016,14.163,14.516
20160503,03-05-2016,03,05,2016,14.105,14.464
20160504,04-05-2016,04,05,2016,14.107,14.466
20160505,05-05-2016,05,05,2016,14.172,14.516
20160506,06-05-2016,06,05,2016,14.151,14.5
20160509,09-05-2016,09,05,2016,14.12,14.48
20160510,10-05-2016,10,05,2016,14.143,14.495
20160511,11-05-2016,11,05,2016,14.143,14.495
20160512,12-05-2016,12,05,2016,14.105,14.464
20160513,13-05-2016,13,05,2016,14.083,14.436
20160516,16-05-2016,16,05,2016,14.066,14.424
20160517,17-05-2016,17,05,2016,14.027,14.383
20160518,18-05-2016,18,05,2016,14.031,14.382
20160519,19-05-2016,19,05,2016,14.002,14.36
20160520,20-05-2016,20,05,2016,13.961,14.312
20160523,23-05-2016,23,05,2016,13.924,14.279
20160524,24-05-2016,24,05,2016,13.945,14.294
20160526,26-05-2016,26,05,2016,13.938,14.296
20160527,27-05-2016,27,05,2016,13.878,14.234
20160530,30-05-2016,30,05,2016,13.88,14.234
20160531,31-05-2016,31,05,2016,13.901,14.254
20160601,01-06-2016,01,06,2016,13.877,14.219
20160602,02-06-2016,02,06,2016,13.819,14.17
20160603,03-06-2016,03,06,2016,13.782,14.138
20160606,06-06-2016,06,06,2016,13.682,14.033
20160607,07-06-2016,07,06,2016,13.721,14.07
20160608,08-06-2016,08,06,2016,13.722,14.074
20160609,09-06-2016,09,06,2016,13.748,14.094
20160610,10-06-2016,10,06,2016,13.727,14.078
20160613,13-06-2016,13,06,2016,13.724,14.072
20160614,14-06-2016,14,06,2016,13.674,14.033
20160615,15-06-2016,15,06,2016,13.663,14.013
20160616,16-06-2016,16,06,2016,13.77,14.117
20160621,21-06-2016,21,06,2016,13.8,14.156
20160622,22-06-2016,22,06,2016,13.95,14.295
20160623,23-06-2016,23,06,2016,14.188,14.542
20160624,24-06-2016,24,06,2016,14.715,15.09
20160627,27-06-2016,27,06,2016,15.056,15.415
20160628,28-06-2016,28,06,2016,14.847,15.207
20160629,29-06-2016,29,06,2016,14.812,15.167
20160630,30-06-2016,30,06,2016,14.853,15.211
20160701,01-07-2016,01,07,2016,14.972,15.332
20160704,04-07-2016,04,07,2016,14.963,15.321
20160705,05-07-2016,05,07,2016,14.839,15.194
20160706,06-07-2016,06,07,2016,14.661,15.012
20160707,07-07-2016,07,07,2016,14.564,14.922
20160711,11-07-2016,11,07,2016,14.593,14.946
20160712,12-07-2016,12,07,2016,14.501,14.859
20160713,13-07-2016,13,07,2016,14.476,14.831
20160714,14-07-2016,14,07,2016,14.577,14.939
20160715,15-07-2016,15,07,2016,14.755,15.203
20160718,18-07-2016,18,07,2016,15.003,15.354
20160719,19-07-2016,19,07,2016,14.909,15.259
20160720,20-07-2016,20,07,2016,14.873,15.228
20160721,21-07-2016,21,07,2016,14.934,15.288
20160722,22-07-2016,22,07,2016,14.809,15.161
20160725,25-07-2016,25,07,2016,14.806,15.16
20160726,26-07-2016,26,07,2016,14.811,15.165
20160727,27-07-2016,27,07,2016,14.86,15.214
20160728,28-07-2016,28,07,2016,14.905,15.259
20160729,29-07-2016,29,07,2016,14.936,15.289
20160801,01-08-2016,01,08,2016,14.869,15.221
20160802,02-08-2016,02,08,2016,14.75,15.105
20160803,03-08-2016,03,08,2016,14.739,15.089
20160804,04-08-2016,04,08,2016,14.755,15.102
20160805,05-08-2016,05,08,2016,14.721,15.077
20160808,08-08-2016,08,08,2016,14.641,14.996
20160809,09-08-2016,09,08,2016,14.671,15.03
20160810,10-08-2016,10,08,2016,14.622,14.972
20160811,11-08-2016,11,08,2016,14.568,14.923
20160812,12-08-2016,12,08,2016,14.582,14.937
20160816,16-08-2016,16,08,2016,14.562,14.92
20160817,17-08-2016,17,08,2016,14.634,14.99
20160818,18-08-2016,18,08,2016,14.778,15.139
20160819,19-08-2016,19,08,2016,14.798,15.148
20160822,22-08-2016,22,08,2016,14.755,15.113
20160823,23-08-2016,23,08,2016,14.757,15.105
20160824,24-08-2016,24,08,2016,14.764,15.117
20160825,25-08-2016,25,08,2016,14.755,15.112
20160826,26-08-2016,26,08,2016,14.833,15.185
20160829,29-08-2016,29,08,2016,14.928,15.284
20160830,30-08-2016,30,08,2016,14.929,15.289
20160831,31-08-2016,31,08,2016,14.8,15.158
20160901,01-09-2016,01,09,2016,14.782,15.132
20160902,02-09-2016,02,09,2016,14.851,15.2
20160905,05-09-2016,05,09,2016,14.851,15.212
20160906,06-09-2016,06,09,2016,14.88,15.234
20160907,07-09-2016,07,09,2016,14.9,15.253
20160908,08-09-2016,08,09,2016,14.909,15.27
20160909,09-09-2016,09,09,2016,14.893,15.247
20160912,12-09-2016,12,09,2016,14.876,15.226
20160913,13-09-2016,13,09,2016,14.931,15.291
20160914,14-09-2016,14,09,2016,14.879,15.237
20160915,15-09-2016,15,09,2016,14.905,15.258
20160916,16-09-2016,16,09,2016,14.986,15.341
20160919,19-09-2016,19,09,2016,14.99,15.349
20160920,20-09-2016,20,09,2016,15.017,15.371
20160921,21-09-2016,21,09,2016,15.003,15.354
20160922,22-09-2016,22,09,2016,15.025,15.375
20160923,23-09-2016,23,09,2016,15.017,15.374
20160926,26-09-2016,26,09,2016,15.073,15.427
20160927,27-09-2016,27,09,2016,15.088,15.447
20160928,28-09-2016,28,09,2016,15.165,15.524
20160929,29-09-2016,29,09,2016,15.232,15.591
20160930,30-09-2016,30,09,2016,15.139,15.487
20161003,03-10-2016,03,10,2016,15.065,15.418
20161004,04-10-2016,04,10,2016,15.074,15.431
20161005,05-10-2016,05,10,2016,15.068,15.421
20161006,06-10-2016,06,10,2016,15.095,15.444
20161007,07-10-2016,07,10,2016,15.088,15.443
20161011,11-10-2016,11,10,2016,15.065,15.425
20161012,12-10-2016,12,10,2016,15.003,15.357
20161013,13-10-2016,13,10,2016,14.995,15.351
20161014,14-10-2016,14,10,2016,15.016,15.369
20161017,17-10-2016,17,10,2016,15.065,15.427
20161018,18-10-2016,18,10,2016,15.066,15.425
20161019,19-10-2016,19,10,2016,15.07,15.422
20161020,20-10-2016,20,10,2016,15.042,15.399
20161021,21-10-2016,21,10,2016,15.029,15.373
20161024,24-10-2016,24,10,2016,14.972,15.331
20161025,25-10-2016,25,10,2016,15.062,15.419
20161026,26-10-2016,26,10,2016,15.067,15.426
20161027,27-10-2016,27,10,2016,15.059,15.417
20161028,28-10-2016,28,10,2016,15.065,15.417
20161031,31-10-2016,31,10,2016,15.046,15.401
20161101,01-11-2016,01,11,2016,14.994,15.348
20161102,02-11-2016,02,11,2016,14.947,15.302
20161103,03-11-2016,03,11,2016,14.974,15.324
20161104,04-11-2016,04,11,2016,14.936,15.282
20161107,07-11-2016,07,11,2016,14.884,15.234
20161108,08-11-2016,08,11,2016,14.879,15.229
20161109,09-11-2016,09,11,2016,14.806,15.159
20161110,10-11-2016,10,11,2016,14.927,15.282
20161111,11-11-2016,11,11,2016,15.13,15.483
20161114,14-11-2016,14,11,2016,15.432,15.791
20161115,15-11-2016,15,11,2016,15.373,15.73
20161116,16-11-2016,16,11,2016,15.371,15.726
20161117,17-11-2016,17,11,2016,15.324,15.679
20161118,18-11-2016,18,11,2016,15.33,15.685
20161121,21-11-2016,21,11,2016,15.288,15.632
20161122,22-11-2016,22,11,2016,15.315,15.663
20161123,23-11-2016,23,11,2016,15.388,15.75
20161124,24-11-2016,24,11,2016,15.419,15.762
20161125,25-11-2016,25,11,2016,15.397,15.751
20161129,29-11-2016,29,11,2016,15.52,15.879
20161130,30-11-2016,30,11,2016,15.734,16.1
20161201,01-12-2016,01,12,2016,15.728,16.095
20161202,02-12-2016,02,12,2016,15.74,16.102
20161205,05-12-2016,05,12,2016,15.763,16.123
20161206,06-12-2016,06,12,2016,15.771,16.131
20161207,07-12-2016,07,12,2016,15.832,16.188
20161212,12-12-2016,12,12,2016,15.915,16.278
20161213,13-12-2016,13,12,2016,15.865,16.224
20161214,14-12-2016,14,12,2016,15.824,16.17
20161215,15-12-2016,15,12,2016,15.852,16.215
20161216,16-12-2016,16,12,2016,15.807,16.161
20161219,19-12-2016,19,12,2016,15.696,16.05
20161220,20-12-2016,20,12,2016,15.682,16.053
20161221,21-12-2016,21,12,2016,15.719,16.088
20161222,22-12-2016,22,12,2016,15.648,16.013
20161223,23-12-2016,23,12,2016,15.43,15.791
20161226,26-12-2016,26,12,2016,15.436,15.798
20161227,27-12-2016,27,12,2016,15.419,15.779
20161228,28-12-2016,28,12,2016,15.522,15.886
20161229,29-12-2016,29,12,2016,15.767,16.14
20161230,30-12-2016,30,12,2016,15.759,16.126
20170102,02-01-2017,02,01,2017,15.79,16.164
20170103,03-01-2017,03,01,2017,15.785,16.158
20170104,04-01-2017,04,01,2017,15.998,16.371
20170105,05-01-2017,05,01,2017,15.862,16.234
20170106,06-01-2017,06,01,2017,15.691,16.052
20170109,09-01-2017,09,01,2017,15.711,16.075
20170110,10-01-2017,10,01,2017,15.737,16.101
20170111,11-01-2017,11,01,2017,15.751,16.114
20170112,12-01-2017,12,01,2017,15.719,16.081
20170113,13-01-2017,13,01,2017,15.725,16.083
20170116,16-01-2017,16,01,2017,15.732,16.089
20170117,17-01-2017,17,01,2017,15.758,16.123
20170118,18-01-2017,18,01,2017,15.831,16.196
20170119,19-01-2017,19,01,2017,15.822,16.193
20170120,20-01-2017,20,01,2017,15.762,16.127
20170123,23-01-2017,23,01,2017,15.796,16.159
20170124,24-01-2017,24,01,2017,15.818,16.187
20170125,25-01-2017,25,01,2017,15.816,16.18
20170126,26-01-2017,26,01,2017,15.806,16.186
20170127,27-01-2017,27,01,2017,15.783,16.149
20170130,30-01-2017,30,01,2017,15.803,16.167
20170131,31-01-2017,31,01,2017,15.771,16.143
20170201,01-02-2017,01,02,2017,15.686,16.049
20170202,02-02-2017,02,02,2017,15.569,15.919
20170203,03-02-2017,03,02,2017,15.512,15.878
20170206,06-02-2017,06,02,2017,15.619,15.975
20170207,07-02-2017,07,02,2017,15.595,15.95
20170208,08-02-2017,08,02,2017,15.573,15.956
20170209,09-02-2017,09,02,2017,15.543,15.923
20170210,10-02-2017,10,02,2017,15.427,15.814
20170213,13-02-2017,13,02,2017,15.38,15.762
20170214,14-02-2017,14,02,2017,15.417,15.796
20170215,15-02-2017,15,02,2017,15.313,15.695
20170216,16-02-2017,16,02,2017,15.293,15.682
20170217,17-02-2017,17,02,2017,15.552,15.946
20170220,20-02-2017,20,02,2017,15.591,15.986
20170221,21-02-2017,21,02,2017,15.517,15.911
20170222,22-02-2017,22,02,2017,15.416,15.804
20170223,23-02-2017,23,02,2017,15.44,15.828
20170224,24-02-2017,24,02,2017,15.37,15.763
20170301,01-03-2017,01,03,2017,15.341,15.737
20170302,02-03-2017,02,03,2017,15.291,15.688
20170303,03-03-2017,03,03,2017,15.311,15.708
20170306,06-03-2017,06,03,2017,15.311,15.708
20170307,07-03-2017,07,03,2017,15.384,15.781
20170308,08-03-2017,08,03,2017,15.489,15.885
20170309,09-03-2017,09,03,2017,15.47,15.866
20170310,10-03-2017,10,03,2017,15.382,15.788
20170313,13-03-2017,13,03,2017,15.396,15.81
20170314,14-03-2017,14,03,2017,15.393,15.814
20170315,15-03-2017,15,03,2017,15.402,15.822
20170316,16-03-2017,16,03,2017,15.405,15.826
20170317,17-03-2017,17,03,2017,15.403,15.823
20170320,20-03-2017,20,03,2017,15.511,15.931
20170321,21-03-2017,21,03,2017,15.48,15.901
20170322,22-03-2017,22,03,2017,15.476,15.897
20170323,23-03-2017,23,03,2017,15.484,15.905
20170327,27-03-2017,27,03,2017,15.463,15.883
20170328,28-03-2017,28,03,2017,15.419,15.84
20170329,29-03-2017,29,03,2017,15.322,15.742
20170330,30-03-2017,30,03,2017,15.275,15.695
20170331,31-03-2017,31,03,2017,15.277,15.634
20170403,03-04-2017,03,04,2017,15.294,15.72
20170404,04-04-2017,04,04,2017,15.264,15.688
20170405,05-04-2017,05,04,2017,15.229,15.65
20170406,06-04-2017,06,04,2017,15.26,15.682
20170407,07-04-2017,07,04,2017,15.248,15.663
20170410,10-04-2017,10,04,2017,15.137,15.554
20170411,11-04-2017,11,04,2017,15.102,15.521
20170412,12-04-2017,12,04,2017,15.066,15.491
20170417,17-04-2017,17,04,2017,15.083,15.504
20170418,18-04-2017,18,04,2017,15.129,15.554
20170419,19-04-2017,19,04,2017,15.297,15.718
20170420,20-04-2017,20,04,2017,15.273,15.695
20170421,21-04-2017,21,04,2017,15.294,15.716
20170425,25-04-2017,25,04,2017,15.303,15.726
20170426,26-04-2017,26,04,2017,15.33,15.75
20170427,27-04-2017,27,04,2017,15.314,15.735
20170428,28-04-2017,28,04,2017,15.293,15.719
20170502,02-05-2017,02,05,2017,15.188,15.611
20170503,03-05-2017,03,05,2017,15.159,15.575
20170504,04-05-2017,04,05,2017,15.222,15.644
20170505,05-05-2017,05,05,2017,15.223,15.646
20170508,08-05-2017,08,05,2017,15.276,15.702
20170509,09-05-2017,09,05,2017,15.416,15.837
20170510,10-05-2017,10,05,2017,15.407,15.83
20170511,11-05-2017,11,05,2017,15.327,15.75
20170512,12-05-2017,12,05,2017,15.308,15.732
20170515,15-05-2017,15,05,2017,15.367,15.789
20170516,16-05-2017,16,05,2017,15.462,15.89
20170517,17-05-2017,17,05,2017,15.478,15.904
20170518,18-05-2017,18,05,2017,15.84,16.27
20170519,19-05-2017,19,05,2017,15.8,16.222
20170522,22-05-2017,22,05,2017,15.983,16.407
20170523,23-05-2017,23,05,2017,15.926,16.341
20170524,24-05-2017,24,05,2017,15.916,16.339
20170526,26-05-2017,26,05,2017,15.872,16.295
20170529,29-05-2017,29,05,2017,15.868,16.291
20170530,30-05-2017,30,05,2017,15.947,16.37
20170531,31-05-2017,31,05,2017,15.955,16.377
20170601,01-06-2017,01,06,2017,15.889,16.316
20170602,02-06-2017,02,06,2017,15.874,16.302
20170605,05-06-2017,05,06,2017,15.876,16.297
20170606,06-06-2017,06,06,2017,15.852,16.271
20170607,07-06-2017,07,06,2017,15.848,16.268
20170608,08-06-2017,08,06,2017,15.793,16.213
20170609,09-06-2017,09,06,2017,15.744,16.165
20170612,12-06-2017,12,06,2017,15.757,16.177
20170613,13-06-2017,13,06,2017,15.747,16.168
20170614,14-06-2017,14,06,2017,15.71,16.13
20170615,15-06-2017,15,06,2017,15.78,16.2
20170616,16-06-2017,16,06,2017,15.869,16.289
20170619,19-06-2017,19,06,2017,15.969,16.391
20170621,21-06-2017,21,06,2017,16.097,16.53
20170622,22-06-2017,22,06,2017,16.009,16.442
20170623,23-06-2017,23,06,2017,15.985,16.42
20170626,26-06-2017,26,06,2017,16.118,16.546
20170627,27-06-2017,27,06,2017,16.23,16.663
20170628,28-06-2017,28,06,2017,16.247,16.676
20170629,29-06-2017,29,06,2017,16.318,16.751
20170630,30-06-2017,30,06,2017,16.448,16.877
20170703,03-07-2017,03,07,2017,16.617,17.057
20170704,04-07-2017,04,07,2017,16.739,17.181
20170705,05-07-2017,05,07,2017,16.955,17.399
20170706,06-07-2017,06,07,2017,16.915,17.379
20170707,07-07-2017,07,07,2017,16.828,17.292
20170710,10-07-2017,10,07,2017,16.816,17.28
20170711,11-07-2017,11,07,2017,16.839,17.3
20170712,12-07-2017,12,07,2017,16.79,17.258
20170713,13-07-2017,13,07,2017,16.802,17.259
20170714,14-07-2017,14,07,2017,16.674,17.135
20170717,17-07-2017,17,07,2017,16.733,17.193
20170718,18-07-2017,18,07,2017,16.934,17.391
20170719,19-07-2017,19,07,2017,17.007,17.457
20170720,20-07-2017,20,07,2017,16.994,17.458
20170721,21-07-2017,21,07,2017,17.2,17.659
20170724,24-07-2017,24,07,2017,17.257,17.714
20170725,25-07-2017,25,07,2017,17.243,17.662
20170726,26-07-2017,26,07,2017,17.308,17.763
20170727,27-07-2017,27,07,2017,17.404,17.861
20170728,28-07-2017,28,07,2017,17.551,18.01
20170731,31-07-2017,31,07,2017,17.48,17.937
20170801,01-08-2017,01,08,2017,17.404,17.867
20170802,02-08-2017,02,08,2017,17.389,17.858
20170803,03-08-2017,03,08,2017,17.473,17.936
20170804,04-08-2017,04,08,2017,17.475,17.938
20170807,07-08-2017,07,08,2017,17.509,17.972
20170808,08-08-2017,08,08,2017,17.512,17.975
20170809,09-08-2017,09,08,2017,17.531,17.989
20170810,10-08-2017,10,08,2017,17.524,17.987
20170811,11-08-2017,11,08,2017,17.524,17.987
20170814,14-08-2017,14,08,2017,17.014,17.468
20170815,15-08-2017,15,08,2017,16.894,17.351
20170816,16-08-2017,16,08,2017,17.012,17.474
20170817,17-08-2017,17,08,2017,17.158,17.621
20170818,18-08-2017,18,08,2017,17.101,17.565
20170822,22-08-2017,22,08,2017,17.035,17.499
20170823,23-08-2017,23,08,2017,17.046,17.507
20170824,24-08-2017,24,08,2017,17.003,17.463
20170825,25-08-2017,25,08,2017,17.022,17.485
20170828,28-08-2017,28,08,2017,17.036,17.494
20170829,29-08-2017,29,08,2017,17.183,17.645
20170830,30-08-2017,30,08,2017,17.2,17.664
20170831,31-08-2017,31,08,2017,17.142,17.605
20170901,01-09-2017,01,09,2017,17.062,17.51
20170904,04-09-2017,04,09,2017,17.08,17.545
20170905,05-09-2017,05,09,2017,17.075,17.54
20170906,06-09-2017,06,09,2017,17.029,17.494
20170907,07-09-2017,07,09,2017,17.024,17.486
20170908,08-09-2017,08,09,2017,17.022,17.483
20170911,11-09-2017,11,09,2017,16.996,17.459
20170912,12-09-2017,12,09,2017,16.915,17.374
20170913,13-09-2017,13,09,2017,16.891,17.343
20170914,14-09-2017,14,09,2017,16.83,17.286
20170915,15-09-2017,15,09,2017,16.808,17.273
20170918,18-09-2017,18,09,2017,16.897,17.36
20170919,19-09-2017,19,09,2017,16.957,17.422
20170920,20-09-2017,20,09,2017,16.967,17.421
20170921,21-09-2017,21,09,2017,17.104,17.564
20170922,22-09-2017,22,09,2017,17.126,17.589
20170925,25-09-2017,25,09,2017,17.292,17.757
20170926,26-09-2017,26,09,2017,17.384,17.849
20170927,27-09-2017,27,09,2017,17.366,17.829
20170928,28-09-2017,28,09,2017,17.324,17.786
20170929,29-09-2017,29,09,2017,17.139,17.597
20171002,02-10-2017,02,10,2017,17.222,17.687
20171003,03-10-2017,03,10,2017,17.255,17.72
20171004,04-10-2017,04,10,2017,17.175,17.639
20171005,05-10-2017,05,10,2017,17.198,17.661
20171006,06-10-2017,06,10,2017,17.297,17.76
20171009,09-10-2017,09,10,2017,17.306,17.769
20171010,10-10-2017,10,10,2017,17.264,17.725
20171011,11-10-2017,11,10,2017,17.259,17.723
20171012,12-10-2017,12,10,2017,17.256,17.731
20171013,13-10-2017,13,10,2017,17.18,17.645
20171017,17-10-2017,17,10,2017,17.179,17.641
20171018,18-10-2017,18,10,2017,17.162,17.626
20171019,19-10-2017,19,10,2017,17.258,17.723
20171020,20-10-2017,20,10,2017,17.275,17.74
20171023,23-10-2017,23,10,2017,17.205,17.667
20171024,24-10-2017,24,10,2017,17.308,17.772
20171025,25-10-2017,25,10,2017,17.292,17.757
20171026,26-10-2017,26,10,2017,17.435,17.901
20171027,27-10-2017,27,10,2017,17.466,17.928
20171030,30-10-2017,30,10,2017,17.496,17.961
20171031,31-10-2017,31,10,2017,17.466,17.933
20171101,01-11-2017,01,11,2017,17.375,17.925
20171102,02-11-2017,02,11,2017,17.365,17.83
20171103,03-11-2017,03,11,2017,17.43,17.89
20171107,07-11-2017,07,11,2017,17.464,17.928
20171108,08-11-2017,08,11,2017,17.373,17.834
20171109,09-11-2017,09,11,2017,17.339,17.803
20171110,10-11-2017,10,11,2017,17.327,17.791
20171113,13-11-2017,13,11,2017,17.329,17.796
20171114,14-11-2017,14,11,2017,17.29,17.752
20171115,15-11-2017,15,11,2017,17.33,17.79
20171116,16-11-2017,16,11,2017,17.321,17.783
20171117,17-11-2017,17,11,2017,17.313,17.771
20171121,21-11-2017,21,11,2017,17.315,17.782
20171122,22-11-2017,22,11,2017,17.264,17.726
20171123,23-11-2017,23,11,2017,17.257,17.711
20171124,24-11-2017,24,11,2017,17.196,17.66
20171127,27-11-2017,27,11,2017,17.145,17.606
20171128,28-11-2017,28,11,2017,17.164,17.632
20171129,29-11-2017,29,11,2017,17.231,17.695
20171130,30-11-2017,30,11,2017,17.162,17.629
20171201,01-12-2017,01,12,2017,17.083,17.548
20171204,04-12-2017,04,12,2017,17.146,17.606
20171205,05-12-2017,05,12,2017,17.159,17.627
20171206,06-12-2017,06,12,2017,17.13,17.598
20171207,07-12-2017,07,12,2017,17.137,17.604
20171211,11-12-2017,11,12,2017,17.098,17.564
20171212,12-12-2017,12,12,2017,17.194,17.662
20171213,13-12-2017,13,12,2017,17.174,17.641
20171214,14-12-2017,14,12,2017,17.231,17.696
20171215,15-12-2017,15,12,2017,17.344,17.808
20171218,18-12-2017,18,12,2017,17.403,17.869
20171219,19-12-2017,19,12,2017,17.481,17.95
20171220,20-12-2017,20,12,2017,17.561,18.024
20171221,21-12-2017,21,12,2017,17.75,18.218
20171222,22-12-2017,22,12,2017,17.844,18.332
20171226,26-12-2017,26,12,2017,18.117,18.607
20171227,27-12-2017,27,12,2017,18.285,18.781
20171228,28-12-2017,28,12,2017,18.96,19.46
20171229,29-12-2017,29,12,2017,18.417,18.921
20180102,02-01-2018,02,01,2018,18.234,18.739
20180103,03-01-2018,03,01,2018,18.272,18.776
20180104,04-01-2018,04,01,2018,18.452,18.957
20180105,05-01-2018,05,01,2018,18.711,19.209
20180108,08-01-2018,08,01,2018,18.843,19.338
20180109,09-01-2018,09,01,2018,18.787,19.287
20180110,10-01-2018,10,01,2018,18.46,18.96
20180111,11-01-2018,11,01,2018,18.494,18.994
20180112,12-01-2018,12,01,2018,18.506,19.006
20180115,15-01-2018,15,01,2018,18.55,19.05
20180116,16-01-2018,16,01,2018,18.69,19.19
20180117,17-01-2018,17,01,2018,18.696,19.195
20180118,18-01-2018,18,01,2018,18.646,19.146
20180119,19-01-2018,19,01,2018,18.789,19.29
20180122,22-01-2018,22,01,2018,18.924,19.424
20180123,23-01-2018,23,01,2018,19.154,19.661
20180124,24-01-2018,24,01,2018,19.429,19.929
20180125,25-01-2018,25,01,2018,19.348,19.854
20180126,26-01-2018,26,01,2018,19.334,19.847
20180129,29-01-2018,29,01,2018,19.365,19.878
20180130,30-01-2018,30,01,2018,19.384,19.897
20180131,31-01-2018,31,01,2018,19.421,19.934
20180201,01-02-2018,01,02,2018,19.193,19.707
20180202,02-02-2018,02,02,2018,19.294,19.807
20180205,05-02-2018,05,02,2018,19.287,19.796
20180206,06-02-2018,06,02,2018,19.424,19.937
20180207,07-02-2018,07,02,2018,19.426,19.951
20180208,08-02-2018,08,02,2018,19.682,20.217
20180209,09-02-2018,09,02,2018,19.816,20.349
20180214,14-02-2018,14,02,2018,19.681,20.226
20180215,15-02-2018,15,02,2018,19.489,20.02
20180219,19-02-2018,19,02,2018,19.642,20.177
20180220,20-02-2018,20,02,2018,19.635,20.172
20180221,21-02-2018,21,02,2018,19.674,20.21
20180222,22-02-2018,22,02,2018,19.734,20.271
20180223,23-02-2018,23,02,2018,19.74,20.276
20180226,26-02-2018,26,02,2018,19.949,20.481
20180227,27-02-2018,27,02,2018,19.958,20.493
20180228,28-02-2018,28,02,2018,19.885,20.421
20180301,01-03-2018,01,03,2018,19.918,20.46
20180302,02-03-2018,02,03,2018,19.998,20.54
20180305,05-03-2018,05,03,2018,19.974,20.52
20180306,06-03-2018,06,03,2018,20.068,20.614
20180307,07-03-2018,07,03,2018,20.147,20.694
20180308,08-03-2018,08,03,2018,20.128,20.677
20180309,09-03-2018,09,03,2018,19.994,20.544
20180312,12-03-2018,12,03,2018,19.96,20.51
20180313,13-03-2018,13,03,2018,19.958,20.508
20180314,14-03-2018,14,03,2018,19.97,20.516
20180315,15-03-2018,15,03,2018,20.059,20.609
20180316,16-03-2018,16,03,2018,19.983,20.532
20180319,19-03-2018,19,03,2018,19.985,20.536
20180320,20-03-2018,20,03,2018,19.995,20.545
20180321,21-03-2018,21,03,2018,20.027,20.595
20180322,22-03-2018,22,03,2018,20.017,20.571
20180323,23-03-2018,23,03,2018,19.958,20.504
20180326,26-03-2018,26,03,2018,19.936,20.471
20180327,27-03-2018,27,03,2018,19.93,20.48
20180328,28-03-2018,28,03,2018,19.894,20.443
20180403,03-04-2018,03,04,2018,19.896,20.436
20180404,04-04-2018,04,04,2018,19.942,20.489
20180405,05-04-2018,05,04,2018,19.948,20.495
20180406,06-04-2018,06,04,2018,19.947,20.496
20180409,09-04-2018,09,04,2018,19.952,20.499
20180410,10-04-2018,10,04,2018,19.948,20.499
20180411,11-04-2018,11,04,2018,19.917,20.466
20180412,12-04-2018,12,04,2018,19.934,20.483
20180413,13-04-2018,13,04,2018,19.95,20.499
20180416,16-04-2018,16,04,2018,19.963,20.513
20180417,17-04-2018,17,04,2018,19.938,20.488
20180418,18-04-2018,18,04,2018,19.899,20.446
20180419,19-04-2018,19,04,2018,19.906,20.467
20180420,20-04-2018,20,04,2018,19.932,20.479
20180423,23-04-2018,23,04,2018,19.962,20.511
20180424,24-04-2018,24,04,2018,19.989,20.539
20180425,25-04-2018,25,04,2018,20.006,20.555
20180426,26-04-2018,26,04,2018,20.296,20.837
20180427,27-04-2018,27,04,2018,20.327,20.881
20180502,02-05-2018,02,05,2018,20.936,21.524
20180503,03-05-2018,03,05,2018,22.345,22.986
20180504,04-05-2018,04,05,2018,21.515,22.28
20180507,07-05-2018,07,05,2018,21.56,22.33
20180508,08-05-2018,08,05,2018,22.049,22.903
20180509,09-05-2018,09,05,2018,22.294,23.126
20180510,10-05-2018,10,05,2018,22.436,23.221
20180511,11-05-2018,11,05,2018,22.718,23.726
20180514,14-05-2018,14,05,2018,24.461,25.51
20180515,15-05-2018,15,05,2018,23.683,24.677
20180516,16-05-2018,16,05,2018,23.775,24.801
20180517,17-05-2018,17,05,2018,23.875,24.891
20180518,18-05-2018,18,05,2018,24.039,25.052
20180521,21-05-2018,21,05,2018,23.924,24.9
20180522,22-05-2018,22,05,2018,23.905,24.864
20180523,23-05-2018,23,05,2018,24.031,24.993
20180524,24-05-2018,24,05,2018,24.2,25.164
20180528,28-05-2018,28,05,2018,24.288,25.253
20180529,29-05-2018,29,05,2018,24.503,25.473
20180530,30-05-2018,30,05,2018,24.518,25.491
20180531,31-05-2018,31,05,2018,24.591,25.514
20180601,01-06-2018,01,06,2018,24.591,25.565
20180604,04-06-2018,04,06,2018,24.591,25.554
20180605,05-06-2018,05,06,2018,24.585,25.548
20180606,06-06-2018,06,06,2018,24.507,25.466
20180607,07-06-2018,07,06,2018,24.568,25.535
20180608,08-06-2018,08,06,2018,24.993,25.952
20180611,11-06-2018,11,06,2018,25.467,26.443
20180612,12-06-2018,12,06,2018,25.412,26.382
20180613,13-06-2018,13,06,2018,25.716,26.687
20180614,14-06-2018,14,06,2018,27.263,28.428
20180615,15-06-2018,15,06,2018,27.742,28.847
20180618,18-06-2018,18,06,2018,27.301,28.411
20180619,19-06-2018,19,06,2018,27.357,28.463
20180621,21-06-2018,21,06,2018,27.106,28.194
20180622,22-06-2018,22,06,2018,26.676,27.757
20180625,25-06-2018,25,06,2018,26.573,27.664
20180626,26-06-2018,26,06,2018,26.639,27.726
20180627,27-06-2018,27,06,2018,26.96,28.051
20180628,28-06-2018,28,06,2018,27.589,28.679
20180629,29-06-2018,29,06,2018,28.552,29.57
20180702,02-07-2018,02,07,2018,27.962,29.038
20180703,03-07-2018,03,07,2018,27.588,28.666
20180704,04-07-2018,04,07,2018,27.706,28.782
20180705,05-07-2018,05,07,2018,27.672,28.749
20180706,06-07-2018,06,07,2018,27.546,28.622
20180710,10-07-2018,10,07,2018,26.971,28.049
20180711,11-07-2018,11,07,2018,27.113,28.189
20180712,12-07-2018,12,07,2018,26.838,27.915
20180713,13-07-2018,13,07,2018,26.864,27.94
20180716,16-07-2018,16,07,2018,26.922,28
20180717,17-07-2018,17,07,2018,27.081,28.157
20180718,18-07-2018,18,07,2018,27.244,28.321
20180719,19-07-2018,19,07,2018,27.348,28.356
20180720,20-07-2018,20,07,2018,27.195,28.271
20180723,23-07-2018,23,07,2018,27.234,28.269
20180724,24-07-2018,24,07,2018,27.102,28.136
20180725,25-07-2018,25,07,2018,26.996,28.031
20180726,26-07-2018,26,07,2018,27.009,28.043
20180727,27-07-2018,27,07,2018,26.971,28.006
20180730,30-07-2018,30,07,2018,26.963,28.017
20180731,31-07-2018,31,07,2018,26.993,28.028
20180801,01-08-2018,01,08,2018,27.193,28.225
20180802,02-08-2018,02,08,2018,27.135,28.167
20180803,03-08-2018,03,08,2018,26.973,28.005
20180806,06-08-2018,06,08,2018,27.036,28.037
20180807,07-08-2018,07,08,2018,26.998,28.031
20180808,08-08-2018,08,08,2018,27.201,28.232
20180809,09-08-2018,09,08,2018,27.664,28.696
20180810,10-08-2018,10,08,2018,28.721,29.798
20180813,13-08-2018,13,08,2018,29.591,30.68
20180814,14-08-2018,14,08,2018,29.289,30.384
20180815,15-08-2018,15,08,2018,29.617,30.68
20180816,16-08-2018,16,08,2018,29.351,30.391
20180817,17-08-2018,17,08,2018,29.385,30.425
20180821,21-08-2018,21,08,2018,29.51,30.551
20180822,22-08-2018,22,08,2018,29.77,30.817
20180823,23-08-2018,23,08,2018,29.939,30.982
20180824,24-08-2018,24,08,2018,30.42,31.469
20180827,27-08-2018,27,08,2018,30.501,31.541
20180828,28-08-2018,28,08,2018,30.978,32.055
20180829,29-08-2018,29,08,2018,33.136,34.402
20180830,30-08-2018,30,08,2018,37.872,39.775
20180831,31-08-2018,31,08,2018,36.188,37.998
20180903,03-09-2018,03,09,2018,37.169,38.986
20180904,04-09-2018,04,09,2018,37.895,39.688
20180905,05-09-2018,05,09,2018,37.481,39.246
20180906,06-09-2018,06,09,2018,36.54,38.319
20180907,07-09-2018,07,09,2018,36.066,37.811
20180910,10-09-2018,10,09,2018,36.438,38.184
20180911,11-09-2018,11,09,2018,36.985,38.713
20180912,12-09-2018,12,09,2018,37.337,39.083
20180913,13-09-2018,13,09,2018,38.435,40.223
20180914,14-09-2018,14,09,2018,38.754,40.512
20180917,17-09-2018,17,09,2018,38.655,40.408
20180918,18-09-2018,18,09,2018,38.756,40.502
20180919,19-09-2018,19,09,2018,38.388,40.124
20180920,20-09-2018,20,09,2018,37.252,38.977
20180921,21-09-2018,21,09,2018,36.395,38.136
20180924,24-09-2018,24,09,2018,36.435,38.175
20180925,25-09-2018,25,09,2018,37.069,38.882
20180926,26-09-2018,26,09,2018,37.653,39.436
20180927,27-09-2018,27,09,2018,38.603,40.529
20180928,28-09-2018,28,09,2018,39.882,41.886
20181001,01-10-2018,01,10,2018,38.764,40.74
20181002,02-10-2018,02,10,2018,37.097,39.067
20181003,03-10-2018,03,10,2018,36.754,38.732
20181004,04-10-2018,04,10,2018,37.449,39.445
20181005,05-10-2018,05,10,2018,37.021,38.908
20181008,08-10-2018,08,10,2018,36.649,38.559
20181009,09-10-2018,09,10,2018,36.291,38.178
20181010,10-10-2018,10,10,2018,36.281,38.174
20181011,11-10-2018,11,10,2018,35.869,37.769
20181012,12-10-2018,12,10,2018,35.708,37.6
20181016,16-10-2018,16,10,2018,35.206,37.111
20181017,17-10-2018,17,10,2018,35.381,37.286
20181018,18-10-2018,18,10,2018,35.607,37.507
20181019,19-10-2018,19,10,2018,35.632,37.532
20181022,22-10-2018,22,10,2018,35.521,37.42
20181023,23-10-2018,23,10,2018,35.682,37.577
20181024,24-10-2018,24,10,2018,35.975,37.876
20181025,25-10-2018,25,10,2018,35.9,37.785
20181026,26-10-2018,26,10,2018,35.96,37.845
20181029,29-10-2018,29,10,2018,35.865,37.765
20181030,30-10-2018,30,10,2018,35.882,37.782
20181031,31-10-2018,31,10,2018,35.084,36.984
20181101,01-11-2018,01,11,2018,34.874,36.775
20181102,02-11-2018,02,11,2018,34.703,36.604
20181105,05-11-2018,05,11,2018,34.698,36.6
20181107,07-11-2018,07,11,2018,34.855,36.724
20181108,08-11-2018,08,11,2018,34.63,36.532
20181109,09-11-2018,09,11,2018,34.483,36.384
20181112,12-11-2018,12,11,2018,34.521,36.423
20181113,13-11-2018,13,11,2018,35.082,36.97
20181114,14-11-2018,14,11,2018,35.096,36.998
20181115,15-11-2018,15,11,2018,35.083,36.979
20181116,16-11-2018,16,11,2018,35.077,36.978
20181120,20-11-2018,20,11,2018,35.284,37.172
20181121,21-11-2018,21,11,2018,35.322,37.245
20181122,22-11-2018,22,11,2018,35.522,37.433
20181123,23-11-2018,23,11,2018,36.566,38.507
20181126,26-11-2018,26,11,2018,38.03,39.972
20181127,27-11-2018,27,11,2018,37.642,39.582
20181128,28-11-2018,28,11,2018,37.59,39.537
20181129,29-11-2018,29,11,2018,36.805,38.805
20181203,03-12-2018,03,12,2018,35.672,37.615
20181204,04-12-2018,04,12,2018,36.393,38.318
20181205,05-12-2018,05,12,2018,36.738,38.682
20181206,06-12-2018,06,12,2018,36.723,38.667
20181207,07-12-2018,07,12,2018,36.371,38.308
20181210,10-12-2018,10,12,2018,36.804,38.754
20181211,11-12-2018,11,12,2018,36.807,38.751
20181212,12-12-2018,12,12,2018,36.672,38.616
20181213,13-12-2018,13,12,2018,36.859,38.803
20181214,14-12-2018,14,12,2018,37.082,39.027
20181217,17-12-2018,17,12,2018,37.275,39.219
20181218,18-12-2018,18,12,2018,37.248,39.185
20181219,19-12-2018,19,12,2018,37.384,39.328
20181220,20-12-2018,20,12,2018,37.105,39.049
20181221,21-12-2018,21,12,2018,37.088,39.034
20181226,26-12-2018,26,12,2018,37.54,39.484
20181227,27-12-2018,27,12,2018,37.459,39.403
20181228,28-12-2018,28,12,2018,36.906,38.849
20190102,02-01-2019,02,01,2019,36.803,38.744
20190103,03-01-2019,03,01,2019,36.567,38.511
20190104,04-01-2019,04,01,2019,36.461,38.405
20190107,07-01-2019,07,01,2019,36.455,38.403
20190108,08-01-2019,08,01,2019,36.687,38.634
20190109,09-01-2019,09,01,2019,36.554,38.499
20190110,10-01-2019,10,01,2019,36.219,38.163
20190111,11-01-2019,11,01,2019,36.086,38.031
20190114,14-01-2019,14,01,2019,36.111,38.057
20190115,15-01-2019,15,01,2019,36.252,38.197
20190116,16-01-2019,16,01,2019,36.522,38.467
20190117,17-01-2019,17,01,2019,36.79,38.739
20190118,18-01-2019,18,01,2019,36.611,38.561
20190121,21-01-2019,21,01,2019,36.741,38.69
20190122,22-01-2019,22,01,2019,36.572,38.527
20190123,23-01-2019,23,01,2019,36.622,38.576
20190124,24-01-2019,24,01,2019,36.529,38.483
20190125,25-01-2019,25,01,2019,36.234,38.186
20190128,28-01-2019,28,01,2019,36.182,38.137
20190129,29-01-2019,29,01,2019,36.618,38.573
20190130,30-01-2019,30,01,2019,36.632,38.587
20190131,31-01-2019,31,01,2019,36.322,38.277
20190201,01-02-2019,01,02,2019,36.348,38.307
20190204,04-02-2019,04,02,2019,36.304,38.262
20190205,05-02-2019,05,02,2019,36.301,38.253
20190206,06-02-2019,06,02,2019,36.574,38.404
20190207,07-02-2019,07,02,2019,36.966,38.914
20190208,08-02-2019,08,02,2019,36.949,38.898
20190211,11-02-2019,11,02,2019,37.112,39.07
20190212,12-02-2019,12,02,2019,36.993,38.944
20190213,13-02-2019,13,02,2019,37.245,39.197
20190214,14-02-2019,14,02,2019,37.351,39.303
20190215,15-02-2019,15,02,2019,37.563,39.51
20190218,18-02-2019,18,02,2019,37.854,39.803
20190219,19-02-2019,19,02,2019,38.359,40.32
20190220,20-02-2019,20,02,2019,38.757,40.71
20190221,21-02-2019,21,02,2019,38.59,40.535
20190222,22-02-2019,22,02,2019,38.263,40.205
20190225,25-02-2019,25,02,2019,38.054,40.009
20190226,26-02-2019,26,02,2019,37.999,39.953
20190227,27-02-2019,27,02,2019,37.882,39.825
20190228,28-02-2019,28,02,2019,38.201,40.135
20190301,01-03-2019,01,03,2019,38.894,40.836
20190306,06-03-2019,06,03,2019,39.769,41.711
20190307,07-03-2019,07,03,2019,41.427,43.412
20190308,08-03-2019,08,03,2019,40.282,42.267
20190311,11-03-2019,11,03,2019,40.307,42.292
20190312,12-03-2019,12,03,2019,40.53,42.516
20190313,13-03-2019,13,03,2019,40.317,42.302
20190314,14-03-2019,14,03,2019,39.777,41.764
20190315,15-03-2019,15,03,2019,39.147,41.134
20190318,18-03-2019,18,03,2019,39.031,41.016
20190319,19-03-2019,19,03,2019,39.578,41.591
20190320,20-03-2019,20,03,2019,39.969,41.954
20190321,21-03-2019,21,03,2019,40.03,42.016
20190322,22-03-2019,22,03,2019,40.888,42.862
20190325,25-03-2019,25,03,2019,41.018,42.99
20190326,26-03-2019,26,03,2019,41.698,43.671
20190327,27-03-2019,27,03,2019,42.948,44.923
20190328,28-03-2019,28,03,2019,42.672,44.652
20190329,29-03-2019,29,03,2019,42.422,44.397
20190401,01-04-2019,01,04,2019,41.883,43.858
20190403,03-04-2019,03,04,2019,41.865,43.839
20190404,04-04-2019,04,04,2019,42.433,44.406
20190405,05-04-2019,05,04,2019,42.984,44.96
20190408,08-04-2019,08,04,2019,42.864,44.838
20190409,09-04-2019,09,04,2019,42.524,44.501
20190410,10-04-2019,10,04,2019,42.096,44.069
20190411,11-04-2019,11,04,2019,41.898,43.871
20190412,12-04-2019,12,04,2019,41.316,43.289
20190415,15-04-2019,15,04,2019,40.672,42.647
20190416,16-04-2019,16,04,2019,41.404,43.376
20190417,17-04-2019,17,04,2019,41.003,42.978
20190422,22-04-2019,22,04,2019,41.719,43.694
20190423,23-04-2019,23,04,2019,41.545,43.522
20190424,24-04-2019,24,04,2019,42.861,44.919
20190425,25-04-2019,25,04,2019,43.913,46.089
20190426,26-04-2019,26,04,2019,44.713,46.904
20190429,29-04-2019,29,04,2019,43.411,45.596
20190430,30-04-2019,30,04,2019,43.152,45.358
20190502,02-05-2019,02,05,2019,43.807,46.016
20190503,03-05-2019,03,05,2019,43.382,45.553
20190506,06-05-2019,06,05,2019,43.719,45.927
20190507,07-05-2019,07,05,2019,44.153,46.359
20190508,08-05-2019,08,05,2019,44.138,46.334
20190509,09-05-2019,09,05,2019,44.285,46.491
20190510,10-05-2019,10,05,2019,43.839,46.042
20190513,13-05-2019,13,05,2019,44.176,46.389
20190514,14-05-2019,14,05,2019,43.928,46.164
20190515,15-05-2019,15,05,2019,43.927,46.164
20190516,16-05-2019,16,05,2019,43.762,46.002
20190517,17-05-2019,17,05,2019,43.96,46.2
20190520,20-05-2019,20,05,2019,44.185,46.424
20190521,21-05-2019,21,05,2019,43.81,46.042
20190522,22-05-2019,22,05,2019,43.82,46.051
20190523,23-05-2019,23,05,2019,44.024,46.263
20190524,24-05-2019,24,05,2019,43.822,46.062
20190527,27-05-2019,27,05,2019,43.84,46.09
20190528,28-05-2019,28,05,2019,43.633,45.884
20190529,29-05-2019,29,05,2019,43.462,45.776
20190530,30-05-2019,30,05,2019,43.411,45.643
20190531,31-05-2019,31,05,2019,43.849,46.1
20190603,03-06-2019,03,06,2019,43.87,46.125
20190604,04-06-2019,04,06,2019,43.701,45.956
20190605,05-06-2019,05,06,2019,43.817,46.082
20190606,06-06-2019,06,06,2019,43.865,46.12
20190607,07-06-2019,07,06,2019,43.854,46.124
20190610,10-06-2019,10,06,2019,43.901,46.138
20190611,11-06-2019,11,06,2019,43.682,45.938
20190612,12-06-2019,12,06,2019,42.666,44.879
20190613,13-06-2019,13,06,2019,42.363,44.619
20190614,14-06-2019,14,06,2019,42.913,45.169
20190618,18-06-2019,18,06,2019,42.47,44.711
20190619,19-06-2019,19,06,2019,42.243,44.499
20190621,21-06-2019,21,06,2019,41.818,44.075
20190624,24-06-2019,24,06,2019,41.432,43.668
20190625,25-06-2019,25,06,2019,41.291,43.482
20190626,26-06-2019,26,06,2019,41.695,43.949
20190627,27-06-2019,27,06,2019,41.681,43.936
20190628,28-06-2019,28,06,2019,41.441,43.703
20190701,01-07-2019,01,07,2019,41.228,43.48
20190702,02-07-2019,02,07,2019,41.185,43.452
20190703,03-07-2019,03,07,2019,40.993,43.246
20190704,04-07-2019,04,07,2019,40.654,42.887
20190705,05-07-2019,05,07,2019,40.871,43.104
20190710,10-07-2019,10,07,2019,40.839,43.091
20190711,11-07-2019,11,07,2019,40.654,42.906
20190712,12-07-2019,12,07,2019,40.597,42.849
20190715,15-07-2019,15,07,2019,41.158,43.405
20190716,16-07-2019,16,07,2019,41.546,43.779
20190717,17-07-2019,17,07,2019,41.454,43.706
20190718,18-07-2019,18,07,2019,41.36,43.612
20190719,19-07-2019,19,07,2019,41.364,43.616
20190722,22-07-2019,22,07,2019,41.356,43.608
20190723,23-07-2019,23,07,2019,41.618,43.87
20190724,24-07-2019,24,07,2019,41.807,44.056
20190725,25-07-2019,25,07,2019,42.322,44.56
20190726,26-07-2019,26,07,2019,42.255,44.515
20190729,29-07-2019,29,07,2019,42.679,44.931
20190730,30-07-2019,30,07,2019,42.791,45.059
20190731,31-07-2019,31,07,2019,42.754,45.016
20190801,01-08-2019,01,08,2019,43.304,45.549
20190802,02-08-2019,02,08,2019,43.628,45.886
20190805,05-08-2019,05,08,2019,44.427,46.685
20190806,06-08-2019,06,08,2019,44.218,46.482
20190807,07-08-2019,07,08,2019,44.533,46.803
20190808,08-08-2019,08,08,2019,44.214,46.468
20190809,09-08-2019,09,08,2019,44.239,46.547
20190812,12-08-2019,12,08,2019,51.23,57.297
20190813,13-08-2019,13,08,2019,53.263,58.328
20190814,14-08-2019,14,08,2019,56.833,62.176
20190815,15-08-2019,15,08,2019,54.651,59.717
20190816,16-08-2019,16,08,2019,53.104,58.123
20190820,20-08-2019,20,08,2019,52.355,57.378
20190821,21-08-2019,21,08,2019,52.646,57.266
20190822,22-08-2019,22,08,2019,52.809,57.237
20190823,23-08-2019,23,08,2019,53.091,57.307
20190826,26-08-2019,26,08,2019,53.033,57.206
20190827,27-08-2019,27,08,2019,54.696,58.66
20190828,28-08-2019,28,08,2019,56.275,60.171
20190829,29-08-2019,29,08,2019,56.157,60.304
20190830,30-08-2019,30,08,2019,57.561,62.035
20190902,02-09-2019,02,09,2019,53.319,58.411
20190903,03-09-2019,03,09,2019,53.458,58.486
20190904,04-09-2019,04,09,2019,53.577,58.061
20190905,05-09-2019,05,09,2019,53.871,58.207
20190906,06-09-2019,06,09,2019,53.797,58.023
20190909,09-09-2019,09,09,2019,53.878,58.153
20190910,10-09-2019,10,09,2019,53.885,58.13
20190911,11-09-2019,11,09,2019,53.98,58.236
20190912,12-09-2019,12,09,2019,54.254,58.407
20190913,13-09-2019,13,09,2019,54.211,58.443
20190916,16-09-2019,16,09,2019,54.489,58.774
20190917,17-09-2019,17,09,2019,54.918,59.065
20190918,18-09-2019,18,09,2019,54.926,59.147
20190919,19-09-2019,19,09,2019,54.989,59.071
20190920,20-09-2019,20,09,2019,54.868,59.081
20190923,23-09-2019,23,09,2019,55.076,59.321
20190924,24-09-2019,24,09,2019,55.126,59.338
20190925,25-09-2019,25,09,2019,55.136,59.339
20190926,26-09-2019,26,09,2019,55.348,59.511
20190927,27-09-2019,27,09,2019,55.395,59.556
20190930,30-09-2019,30,09,2019,55.657,59.818
20191001,01-10-2019,01,10,2019,55.883,60.095
20191002,02-10-2019,02,10,2019,56.107,60.221
